time,acc_x,acc_y,acc_z,gyro_x,gyro_y,gyro_z,acc_x_raw,acc_y_raw,acc_z_raw,gyro_x_raw,gyro_y_raw,gyro_z_raw
1562625434.66,-0.028076171875,0.0110107421875,0.089599609375,-0.128244274809,-0.0801526717557,-0.0809160305344,-460.0,180.4,1468.0,-16.8,-10.5,-10.6
1562625434.77,-0.0529052734375,0.0213110351563,0.1724609375,-0.251297709924,-0.16679389313,-0.156030534351,-866.8,349.16,2825.6,-32.92,-21.85,-20.44
1562625434.87,-0.0752270507812,0.0301418457031,0.246596679688,-0.360519083969,-0.247824427481,-0.240427480916,-1232.52,493.844,4040.24,-47.228,-32.465,-31.496
1562625434.98,-0.0951945800781,0.0395544189453,0.314100097656,-0.450421374046,-0.296324427481,-0.314094656489,-1559.668,648.0596,5146.216,-59.0052,-38.8185,-41.1464
1562625435.08,-0.11350715332,0.0451204614258,0.374096337891,-0.513012824427,-0.368982061069,-0.378868396947,-1859.7012,739.25364,6129.1944,-67.20468,-48.33665,-49.63176
1562625435.19,-0.129695500488,0.0516435715332,0.427873227539,-0.616673374046,-0.395442633588,-0.415790717557,-2124.93108,846.128276,7010.27496,-80.784212,-51.802985,-54.468584
1562625435.3,-0.144582395752,0.0576608550049,0.476101529785,-0.680196876336,-0.417730431298,-0.476501722137,-2368.837972,944.7154484,7800.447464,-89.1057908,-54.7226865,-62.4217256
1562625435.41,-0.157785288989,0.0630031679419,0.519922040869,-0.74118482229,-0.449239830916,-0.533431702595,-2585.1541748,1032.24390356,8518.4027176,-97.09521172,-58.85041785,-69.87955304
1562625435.52,-0.169912033528,0.0677135933352,0.558896633657,-0.776990004183,-0.491338748588,-0.586195402565,-2783.83875732,1109.4195132,9156.96244584,-101.785690548,-64.365376065,-76.791597736
1562625435.63,-0.18080168955,0.0723436011892,0.594071423417,-0.82982535491,-0.490296476782,-0.623759068415,-2962.25488159,1185.27756188,9733.26620126,-108.707121493,-64.2288384585,-81.7124379624
1562625435.74,-0.19030941122,0.0761932254453,0.625679906075,-0.886537475907,-0.509205760402,-0.680467131039,-3118.02939343,1248.3498057,10251.1395811,-116.136409344,-66.7059546127,-89.1411941662
1562625435.85,-0.198719876348,0.0795846450882,0.654518165467,-0.939868461141,-0.539201214896,-0.717000570607,-3255.82645409,1303.91482513,10723.625623,-123.122768409,-70.6353591514,-93.9270747495
1562625435.96,-0.206386951213,0.0824416102669,0.680497012983,-0.968782378386,-0.548639872032,-0.757514254005,-3381.44380868,1350.72334261,11149.2630607,-126.910491569,-71.8718232362,-99.2343672746
1562625436.07,-0.213848842029,0.0853546758027,0.703755905435,-0.968850705433,-0.555607945898,-0.775655958375,-3503.69942781,1398.45100835,11530.3367546,-126.919442412,-72.7846409126,-101.610930547
1562625436.18,-0.219954192201,0.088171747285,0.724566838329,-1.01395036771,-0.561879212377,-0.795800286202,-3603.72948503,1444.60590752,11871.3030792,-132.827498171,-73.6061768214,-104.249837492
1562625436.29,-0.225229280794,0.0639248850565,0.753184373246,-1.03698281186,-0.578210375109,-0.819273692696,-3690.15653653,1047.34531676,12340.1727713,-135.844748353,-75.7455591392,-107.324853743
1562625436.4,-0.242623344902,0.0685919668633,0.786825896859,-0.253131858917,-6.28680155134,-6.66253716312,-3975.14088287,1123.81078509,12891.3554941,-33.1602735181,-823.571003225,-872.792368369
1562625436.51,-0.241676440099,0.0940325748645,0.806678463423,-1.26293317684,-13.7054496405,-7.79704680559,-3959.62679459,1540.62970658,13216.6199447,-165.444246166,-1795.4139029,-1021.41313153
1562625436.62,-0.213749030464,0.078818770503,0.816147335831,-21.2999986378,-23.5043703253,-2.99062456778,-3502.06411513,1291.36673592,13371.7579502,-2790.29982155,-3079.07251261,-391.771818379
1562625436.73,-0.181436627418,0.0144915809527,0.818980844435,-17.9783957206,-23.2340859645,-12.7427071492,-2972.65770361,237.43006233,13418.1821552,-2355.16983939,-3043.66526135,-1669.29463654
1562625436.84,-0.0936640584261,-0.03878863183,0.831198970929,-12.4599454615,-17.9602956887,-24.348589106,-1534.59193325,-635.512943903,13618.3639397,-1632.25285546,-2352.79873522,-3189.66517289
1562625436.95,-0.046040816646,-0.0675513702095,0.857795870711,-11.9475387016,-12.684113448,-27.9511347756,-754.332739928,-1106.76164951,14054.1275457,-1565.12756991,-1661.61886169,-3661.5986556
1562625437.07,0.00780642908111,-0.113823576939,0.858295580515,-4.33064742686,-13.2851677521,-39.5186167178,127.900534065,-1864.88548456,14062.3147912,-567.314812919,-1740.35697553,-5176.93879004
1562625437.18,0.0392767627355,-0.0919675864322,0.831523639651,-7.04567428723,-22.387185328,-36.8369840537,643.510480658,-1506.79693611,13623.683312,-922.983331627,-2932.72127797,-4825.64491103
1562625437.29,0.0684057270869,-0.187214187164,0.815900572561,-5.82278624782,-19.3293828258,-52.9082474804,1120.75943259,-3067.3172425,13367.7149808,-762.784998464,-2532.14915018,-6930.98041993
1562625437.4,0.148039763753,-0.15836093251,0.827547819992,8.71674428536,-13.124688818,-55.5303998316,2425.48348933,-2594.58551825,13558.5434828,1141.89350138,-1719.33423516,-7274.48237794
1562625437.51,0.19156098269,-0.0731156595716,0.801482491118,-4.29157136455,-20.7305405469,-74.9911003064,3138.5351404,-1197.92696642,13131.4891345,-562.195848756,-2715.70081164,-9823.83414014
1562625437.62,0.265080665671,-0.0642415936144,0.760933851381,-8.71203254871,-38.2109216067,-62.9019139399,4343.08162636,-1052.53426978,12467.140221,-1141.27626388,-5005.63073048,-8240.15072613
1562625437.73,0.306736661604,-0.0142383326905,0.687941052181,-8.40876822513,-52.9707454766,-56.5285164391,5025.57346372,-233.280842801,11271.2261989,-1101.54863749,-6939.16765743,-7405.23565352
1562625437.84,0.330921393881,-0.0185029759839,0.627350071963,-32.5816318606,-59.6980984098,-25.8626876959,5421.81611735,-303.152758521,10278.503579,-4268.19377374,-7820.45089169,-3388.01208817
1562625437.95,0.370924957618,0.00444107161445,0.544864088204,-29.6242320333,-63.2023343704,-20.1542815217,6077.23450562,72.7625173312,8927.05322113,-3880.77439637,-8279.50580252,-2640.21087935
1562625438.07,0.443500430606,0.050188370703,0.475997796571,-22.6526485247,-79.1653070402,-21.2716777971,7266.31105505,822.286265598,7798.74789902,-2967.49695673,-10370.6552223,-2786.58979141
1562625438.18,0.447465817233,0.0898960961327,0.362113837226,-19.2499790921,-80.9777839698,-19.5979451318,7331.27994955,1472.85763904,5932.87310912,-2521.74726106,-10608.0897,-2567.33081227
1562625438.29,0.490170407385,0.135569572457,0.263548937879,-15.8608590454,-85.2349674049,-19.061051382,8030.95195459,2221.17187513,4317.98579821,-2077.77253495,-11165.78073,-2496.99773105
1562625438.4,0.497452194771,0.140567302711,0.152989942528,-13.8266815378,-85.7946767712,-14.1022744881,8150.25675913,2303.05468762,2506.58721838,-1811.29528146,-11239.102657,-1847.39795794
1562625438.51,0.509474553419,0.162765455253,0.0555620420255,-10.4882881932,-82.9251327582,-10.7248714668,8347.23108322,2666.74921886,910.328496546,-1373.96575331,-10863.1923913,-1404.95816215
1562625438.62,0.50005541839,0.161625628477,-0.039203146552,-6.41197845787,-81.3524668107,-7.82414004528,8192.9079749,2648.07429697,-642.304353108,-839.969177981,-10657.1731522,-1024.96234593
1562625438.73,0.472510814051,0.150467948442,-0.131474238147,-1.86162030674,-91.501952954,-2.01653520106,7741.61717741,2465.26686728,-2154.0739178,-243.872260183,-11986.755837,-264.166111339
1562625438.84,0.385245084208,0.147896739535,-0.230851228395,-1.07927506996,-97.8074828495,7.94084350989,6311.85545967,2423.14018055,-3782.26652602,-141.385034164,-12812.7802533,1040.2504998
1562625438.95,0.329240107037,0.164772104644,-0.312136222743,-2.01180557823,-94.3587956332,12.822331678,5394.2699137,2699.62616249,-5114.03987342,-263.546530748,-12361.002228,1679.72544982
1562625439.06,0.251516291646,0.13481833168,-0.391176506718,2.76189406356,-95.5649008027,12.3629992735,4120.84292233,2208.86354624,-6409.03588607,361.808122327,-12519.0020052,1619.55290483
1562625439.18,0.156100990607,0.118431225074,-0.444881121672,8.18799473354,-92.3580290431,14.0091420943,2557.5586301,1940.37719162,-7288.93229747,1072.62731009,-12098.9018046,1835.19761435
1562625439.29,0.0918092509209,0.0956261885045,-0.484255314192,11.2485845732,-82.9092490395,11.0097546024,1504.20276709,1566.73947246,-7934.03906772,1473.56457908,-10861.1116242,1442.27785292
1562625439.4,0.0669300836413,0.017850679029,-0.508534860898,15.9481535968,-71.60305696,4.29045853148,1096.58249038,292.465525212,-8331.83516095,2089.20812118,-9380.00046176,562.050067624
1562625439.51,-0.0190842137853,0.00317498612614,-0.600723366995,16.5586817485,-56.9480947754,7.87591649513,-312.675758658,52.0189726907,-9842.25164485,2169.18730906,-7460.20041558,1031.74506086
1562625439.62,-0.0332646595943,-0.0323964187365,-0.642701811546,13.9302944897,-51.115117359,3.52725614332,-545.008182793,-530.782924578,-10530.0264804,1824.86857815,-6696.08037402,462.070554775
1562625439.73,-0.0700260842598,-0.00230130811283,-0.713978505391,-2.20853648597,-44.6150560047,8.09285113968,-1147.30736451,-37.7046321205,-11697.8238323,-289.318279662,-5844.57233662,1060.1634993
1562625439.84,-0.00992288989636,0.015726674261,-0.723928311102,-2.14188131066,-15.140573305,0.655321750902,-162.576628062,257.665831092,-11860.8414491,-280.586451696,-1983.41510296,85.8471493681
1562625439.95,0.0993701803433,0.0554626005849,-0.680075519054,-7.98494508799,7.45363669722,-1.80715698907,1628.08103474,908.699247982,-11142.3573042,-1046.02780653,976.426407336,-236.737565569
1562625440.06,0.125175349809,0.0606096999014,-0.683308201524,-7.114694854,7.50521959239,1.28424573273,2050.87293127,993.029323184,-11195.3215738,-932.025025874,983.183766603,168.236190988
1562625440.17,0.214122658578,0.0744217767862,-0.647985193872,-13.1933017045,13.5921022133,1.37261505259,3508.18563814,1219.32639087,-10616.5894164,-1728.32252329,1780.56538994,179.812571889
1562625440.29,0.284971134908,0.0400753022326,-0.624568510422,-2.99687229739,12.8252584042,-2.85777622366,4668.96707433,656.593751779,-10232.9304748,-392.590270958,1680.10885095,-374.3686853
1562625440.4,0.375175193292,0.0491292954469,-0.567018885942,18.752433253,-13.4710078943,-4.58650241809,6146.8703669,804.934376601,-9290.03742728,2456.56875614,-1764.70203415,-600.83181677
1562625440.51,0.4679066974,0.0845239830897,-0.571010356723,20.958869317,12.8890699944,-6.46143996254,7666.18333021,1384.84093894,-9355.43368455,2745.61188052,1688.46816927,-846.448635093
1562625440.62,0.269040832348,0.0037083035307,-0.649993305426,40.3942800952,-13.3402950203,0.767146781806,4407.96499719,60.756845047,-10649.4903161,5291.65069247,-1747.57864766,100.496228417
1562625440.73,0.2629131163,-0.0471752221349,-0.672884599883,39.877752849,-18.1146624648,-0.58437705668,4307.56849747,-772.918839458,-11024.5412845,5223.98562322,-2373.02078289,-76.553394425
1562625440.84,0.297705789045,-0.0177506686714,-0.805596139895,14.9861607702,-12.207776371,7.17635072532,4877.61164772,-290.826955512,-13198.887156,1963.1870609,-1599.2187046,940.101945017
1562625440.95,0.221768217953,-0.121004898679,-0.917224025905,15.2585370596,-36.0007391919,31.471692752,3633.45048295,-1982.54425996,-15027.7984404,1998.86835481,-4716.09683414,4122.79175052
1562625441.06,0.398273036783,-0.171917104124,-0.871302404565,16.9716146514,-7.84112328801,32.0939891257,6525.30543465,-2816.68983396,-14275.4185964,2223.28151933,-1027.18715073,4204.31257546
1562625441.18,0.455638115917,-0.171595510899,-0.848405562546,19.9591860107,-7.80510256226,31.5311550986,7465.17489119,-2811.42085057,-13900.2767368,2614.6533674,-1022.46843566,4130.58131792
1562625441.29,0.423502038701,-0.204704514497,-0.846914615666,14.120519318,-8.08871444344,25.5612456956,6938.65740207,-3353.87876551,-13875.8490631,1849.78803066,-1059.62159209,3348.52318613
1562625441.4,0.478075662955,-0.164922539609,-0.789396005662,11.9680093709,17.7331341001,17.8417623474,7832.79166186,-2702.09088896,-12933.4641568,1567.80922759,2323.04056712,2337.27086751
1562625441.51,0.531195831035,-0.167766223148,-0.751740584783,18.0406740827,11.8437901558,26.2125479447,8703.11249568,-2748.68180006,-12316.5177411,2363.32830483,1551.53651041,3433.84378076
1562625441.62,0.553003005744,-0.184656593021,-0.71743566693,24.2007288118,0.77544167455,31.8393847533,9060.40124611,-3025.41362006,-11754.465967,3170.29547435,101.582859366,4170.95940269
1562625441.73,0.61801520517,-0.215678238406,-0.6422008893,27.3096635642,-6.73416356161,45.5310187971,10125.5611215,-3533.67225805,-10521.8193703,3577.56592691,-882.175426571,5964.56346242
1562625441.84,0.617468567465,-0.281293031753,-0.610475917557,38.6527430093,-8.29280827415,42.255016154,10116.6050093,-4608.70503225,-10002.0374333,5063.50933422,-1086.35788391,5535.40711618
1562625441.95,0.634481476344,-0.306923494203,-0.555580669551,53.0729648916,-13.610855691,39.1333313325,10395.3445084,-5028.63452902,-9102.63368993,6952.5584008,-1783.02209552,5126.46640456
1562625442.06,0.650623172459,-0.359141301033,-0.500950336971,69.7122332879,-12.3428998929,31.6856470542,10659.8100576,-5884.17107612,-8207.57032094,9132.30256072,-1616.91988597,4150.8197641
1562625442.17,0.628114566151,-0.424374631867,-0.440869951712,74.7662007988,-17.238380896,38.7880747152,10291.0290518,-6952.95396851,-7223.21328884,9794.37230465,-2258.22789737,5081.23778769
1562625442.29,0.578828500161,-0.460477207743,-0.387871823728,75.3804204136,-20.336680211,32.3314046483,9483.52614663,-7544.45857166,-6354.89195996,9874.83507418,-2664.10510764,4235.41400892
1562625442.4,0.555125337645,-0.506543744781,-0.32882096948,81.8622257005,-26.2976686784,28.2387221987,9095.17353197,-8299.21271449,-5387.40276396,10723.9515668,-3444.99459687,3699.27260803
1562625442.51,0.605643077318,-0.436309292178,-0.259146880345,78.7218046572,-21.345764406,18.8217202078,9922.85617877,-7148.49144304,-4245.86248757,10312.5564101,-2796.29513718,2465.64534723
1562625442.62,0.615464511773,-0.33808851921,-0.239238051685,80.0832119777,-19.6699665913,-8.07419227096,10083.7705609,-5539.24229874,-3919.67623881,10490.9007691,-2576.76562347,-1057.7191875
1562625442.73,0.631994232471,-0.279963261039,-0.178644324642,79.5893945967,-20.6052600085,-1.75761273852,10354.5935048,-4586.91806886,-2926.90861493,10426.2106922,-2699.28906112,-230.247268746
1562625442.84,0.634126840474,-0.186952286498,-0.11295274374,79.3579360531,-18.3439706489,11.729598917,10389.5341543,-3063.02626198,-1850.61775344,10395.889623,-2403.06015501,1536.57745813
1562625442.95,0.647887007989,-0.14084006566,-0.066989500616,91.3374096234,-15.875222439,19.6322115444,10614.9807389,-2307.52363578,-1097.55597809,11965.2006607,-2079.65413951,2571.81971232
1562625443.06,0.64833268219,-0.127464066907,-0.0408569568044,104.468554157,-19.9899902714,27.0605934434,10622.282665,-2088.3712722,-669.400380283,13685.3805946,-2618.68872556,3544.93774108
1562625443.17,0.671414453034,-0.171382699279,-0.00281130018646,100.868263627,-6.50244162596,40.9629310456,11000.4543985,-2807.93414498,-46.060342255,13213.7425351,-851.819853001,5366.14396698
1562625443.28,0.67985894523,-0.197310835601,0.0347501032697,92.9989945162,-2.99265547863,58.3406837426,11138.8089587,-3232.74073048,569.34569197,12182.8682816,-392.037867701,7642.62957028
1562625443.39,0.659480472582,-0.203165689541,0.0580329054427,80.9212324691,2.56080854251,53.8898214752,10804.9280628,-3328.66665744,950.811122773,10600.6814535,335.465919069,7059.56661325
1562625443.51,0.628346878449,-0.250305175274,0.108015747711,81.4626970085,5.60778112338,57.4489309307,10294.8352565,-4100.99999169,1769.7300105,10671.6133081,734.619327163,7525.80995193
1562625443.62,0.618808089042,-0.291192626497,0.17787823544,81.9851295977,9.8019648431,61.0750302041,10138.5517309,-4770.89999252,2914.35700945,10740.0519773,1284.05739445,8000.82895673
1562625443.73,0.599114780137,-0.307141723222,0.243147052521,76.7438685463,18.7912340076,48.0316493211,9815.89655777,-5032.20999327,3983.7213085,10053.4467796,2461.651655,6292.14606106
1562625443.84,0.584418145874,-0.300524230587,0.302230784769,70.6191000123,17.4174541183,43.0177973661,9575.10690199,-4923.78899394,4951.74917765,9251.10210161,2281.6864895,5635.33145495
1562625443.95,0.556371839099,-0.307019659091,0.361192276604,63.447266347,14.4810522179,42.9526588508,9115.5962118,-5030.21009455,5917.77425989,8311.59189145,1897.01784055,5626.79830946
1562625444.06,0.531813756751,-0.32287531037,0.414941213006,56.4674252085,10.2596645534,34.1795303703,8713.23659062,-5289.98908509,6798.3968339,7397.23270231,1344.0160565,4477.51847851
1562625444.17,0.521161677951,-0.350060435583,0.504648263581,40.5290796342,-4.26782861949,19.8966918371,8538.71293155,-5735.39017658,8268.15715051,5309.30943208,-559.085549153,2606.46663066
1562625444.28,0.511379494531,-0.298184274837,0.510628749723,27.9975457166,-19.2547862156,2.79557227172,8378.4416384,-4885.45115893,8366.14143546,3667.67848887,-2522.37699424,366.219967595
1562625444.39,0.516491545078,-0.297858034853,0.499287554438,21.4672567938,-28.9789259146,-2.2145193066,8462.19747456,-4880.10604303,8180.32729191,2812.21063998,-3796.23929481,-290.102029164
1562625444.5,0.548021101508,-0.28587008293,0.461370517744,3.39305019835,-34.7772165293,-13.7472658492,8978.7777271,-4683.69543873,7559.09456272,444.489575984,-4555.81536533,-1800.89182625
1562625444.62,0.606231686669,-0.241609246512,0.40361237222,-5.40427008866,-35.0162887695,-20.1946766689,9932.49995439,-3958.52589486,6612.78510645,-707.959381614,-4587.1338288,-2645.50264362
1562625444.73,0.70515441644,-0.210661212486,0.338129064685,-9.45468277445,-35.6703850834,-17.9225372463,11553.249959,-3451.47330537,5539.9065958,-1238.56344345,-4672.82044592,-2347.85237926
1562625444.84,0.754438779484,-0.143086302175,0.253437251967,-12.0115045733,-57.117087033,-13.1272300865,12360.7249631,-2344.32597483,4152.31593622,-1573.50709911,-7482.33840133,-1719.66714133
1562625444.95,0.700283964035,-0.11610677352,0.142424581458,-15.244705261,-63.2771340549,-7.80305669619,11473.4524668,-1902.29337735,2333.4843426,-1997.0563892,-8289.30456119,-1022.2004272
1562625445.06,0.688702833257,-0.12395410398,0.0410239201868,-11.7362652693,-71.3433137792,-17.1906899579,11283.7072201,-2030.86403962,672.135908341,-1537.45075028,-9345.97410508,-2251.98038448
1562625445.17,0.579085479618,-0.170054787332,-0.0943528858944,-2.08553950572,-83.6181427066,-0.459407221626,9487.73649807,-2786.17763565,-1545.87768249,-273.20567525,-10953.9766946,-60.1823460331
1562625445.28,0.455356619157,-0.152927238287,-0.189922480117,2.09095337615,-92.976939123,5.03996861504,7460.56284826,-2505.55987209,-3111.68991424,273.914892275,-12179.9790251,660.23588857
1562625445.39,0.335992832241,-0.194958733208,-0.261652888356,2.62002597746,-96.0861154397,3.77795648636,5504.90656344,-3194.20388488,-4286.92092282,343.223403048,-12587.2811226,494.912299713
1562625445.5,0.269556634954,-0.19013571145,-0.304847951083,6.94657299804,-96.6500229797,2.56199289879,4416.41590709,-3115.18349639,-4994.62883054,910.001062743,-12661.1530103,335.621069742
1562625445.62,0.164231830834,-0.229349679367,-0.303904171599,6.22748821732,-109.224715338,7.88441956311,2690.77431638,-3757.66514675,-4979.16594748,815.800956469,-14308.4377093,1032.85896277
1562625445.73,0.054522514938,-0.172698891118,-0.240066488814,-0.056329306703,-120.922091133,-3.73073995045,893.296884745,-2829.49863208,-3933.24935274,-7.37913917809,-15840.7939384,-488.726933509
1562625445.84,-0.0596699709308,-0.197592087944,-0.209321558683,5.25922728809,-113.133698813,-11.0652995432,-977.632803729,-3237.34876887,-3429.52441746,688.95877474,-14820.5145445,-1449.55424016
1562625445.95,-0.105070161338,-0.197315301024,-0.100425535627,2.81269387226,-110.452390001,-8.76411310032,-1721.46952336,-3232.81389198,-1645.37197572,368.462897266,-14469.2630901,-1148.09881614
1562625446.06,-0.178718418641,-0.223994903734,0.016965650748,-0.243384675273,-106.391883825,-6.38235827884,-2928.12257102,-3669.93250278,277.965221856,-31.8833924608,-13937.3367811,-836.088934528
1562625446.17,-0.220465717402,-0.238314163361,0.0825298278607,-0.357977505456,-97.8870465875,-1.1212216876,-3612.11031392,-3904.53925251,1352.16869967,-46.8950532147,-12823.203103,-146.880041075
1562625446.28,-0.258526567537,-0.246880207962,0.138729970075,-1.47866830453,-81.0166625395,-3.71367967151,-4235.69928253,-4044.88532726,2272.9518297,-193.705547893,-10613.1827927,-486.492036968
1562625446.39,-0.374299887346,-0.286620898104,0.16023294963,-16.5094274283,-47.9020191863,-6.10109033031,-6132.52935427,-4695.99679453,2625.25664673,-2162.7349931,-6275.1645134,-799.242833271
1562625446.5,-0.448295679861,-0.317846503606,0.156001646854,-7.70581292972,-18.0988401684,-6.21235534308,-7344.87641885,-5207.59711508,2555.93098206,-1009.46149379,-2370.94806206,-813.818549944
1562625446.61,-0.424095994688,-0.356008142308,0.102486443106,3.03957752356,8.72402094765,-12.6544785874,-6948.38877696,-5832.83740357,1679.13788385,398.184655586,1142.84674414,-1657.73669495
1562625446.73,-0.340548699906,-0.352878031202,0.0233169003582,-2.81170847307,21.0119241964,-4.29284752255,-5579.54989927,-5781.55366321,382.024095468,-368.333809973,2752.56206973,-562.363025455
1562625446.84,-0.380736993978,-0.385681048394,-0.0579698678026,11.1274776414,37.1496630745,21.1494143289,-6237.99490934,-6318.99829689,-949.778314079,1457.69957102,4866.60586276,2770.57327709
1562625446.95,-0.296252161768,-0.457464506055,-0.0846924122724,23.4903023964,44.2133227212,44.0474499953,-4853.79541841,-7495.0984672,-1387.60048267,3077.22961392,5791.94527648,5770.21594938
1562625447.06,-0.276246086216,-0.516600867949,-0.121218288233,29.1420355155,25.3767232735,57.396903469,-4526.01587656,-8463.98862048,-1986.0404344,3817.60665253,3324.35074883,7518.99435444
1562625447.17,-0.292054094782,-0.563964218654,-0.117153100034,30.9324121166,29.5726387324,51.5518696107,-4785.01428891,-9239.98975843,-1919.43639096,4052.14598728,3874.01567395,6753.294919
1562625447.28,-0.323786185304,-0.605248460851,-0.0830989228434,39.3437510576,24.4863672256,51.9600414282,-5304.91286002,-9916.39078259,-1361.49275187,5154.03138855,3207.71410655,6806.7654271
1562625447.39,-0.364625340211,-0.627096661641,-0.0538905930591,42.8704446542,23.503379358,54.927396064,-5974.02157402,-10274.3517043,-882.94347668,5616.02824969,3078.9426959,7195.48888439
1562625447.5,-0.37220577494,-0.647199495477,-0.0198394243782,43.323858204,30.1667818802,37.2743511141,-6098.21941661,-10603.7165339,-325.049129012,5675.42542472,3951.84842631,4882.93999595
1562625447.61,-0.377880705258,-0.654134819367,-0.00188868506537,35.4777319256,32.2294930052,29.5415724913,-6191.19747495,-10717.3448805,-30.944216111,4647.58288225,4222.06358368,3869.94599636
1562625447.72,-0.401323103483,-0.661206688993,-0.0268707149963,32.5414091147,29.101963552,51.6003923414,-6575.27772746,-10833.2103925,-440.2497945,4262.92459403,3812.35722531,6759.65139672
1562625447.84,-0.408724972822,-0.652190512281,-0.0261367684967,28.7727643864,32.6597061281,21.4266126492,-6696.54995471,-10685.4893532,-428.22481505,3769.23213462,4278.42150278,2806.88625705
1562625447.95,-0.388677670852,-0.704183375115,0.023693705228,32.4374726806,33.2647278817,12.9877681782,-6368.09495924,-11537.3404179,388.197666455,4249.30892116,4357.6793525,1701.39763134
1562625448.06,-0.382500333454,-0.714160545416,0.0348497253302,35.6723513668,34.9947436431,7.83860968098,-6266.88546332,-11700.8063761,570.97789981,4673.07802905,4584.31141725,1026.85786821
1562625448.17,-0.359313776671,-0.742353865875,0.0556323309222,38.6715284438,37.7204601185,11.4333746671,-5886.99691698,-12162.7257385,911.480109829,5065.97022614,4941.38027553,1497.77208139
1562625448.28,-0.346868727129,-0.754788401162,0.0833210509549,36.5623908666,36.578185099,12.460266208,-5683.09722529,-12366.4531646,1365.13209885,4789.67320353,4791.74224797,1632.29487325
1562625448.39,-0.323509979416,-0.772937490734,0.110804375547,36.9053884212,38.6386871998,3.78294187728,-5300.38750276,-12663.8078482,1815.41888896,4834.60588317,5061.66802318,495.565385924
1562625448.5,-0.304244918975,-0.761610538535,0.117595031742,31.1568343119,35.3297803119,-21.6090927685,-4984.74875248,-12478.2270634,1926.67700007,4081.54529486,4628.20122086,-2830.79115267
1562625448.61,-0.214982536452,-0.811743429994,0.159985919193,27.3724485906,26.5311534257,-44.4619239496,-3522.27387723,-13299.604357,2621.20930006,3585.79076537,3475.58109877,-5824.5120374
1562625448.72,-0.161501860932,-0.812429438557,0.186907249149,25.1237533499,20.8871983885,-51.138632318,-2646.04648951,-13310.8439213,3062.28837005,3291.21168883,2736.2229889,-6699.16083366
1562625448.83,-0.0868067529638,-0.799008760327,0.198245821109,24.993820763,17.5473335115,-61.4308759565,-1422.24184056,-13090.9595292,3248.05953305,3274.19051995,2298.70069001,-8047.4447503
1562625448.95,-0.0151866245424,-0.778434056169,0.216311863998,26.3715379233,11.2300047405,-65.6816814906,-248.817656503,-12753.8635763,3544.05357974,3454.67146796,1471.13062101,-8604.30027527
1562625449.06,0.0610878972868,-0.722905103677,0.288577161973,16.1931627569,-9.21589649691,-75.2234370056,1000.86410915,-11844.0772186,4728.04822177,2121.30432116,-1207.2824411,-9854.27024774
1562625449.17,-0.0235365174419,-0.687357757372,0.234939172338,7.78377014537,7.60950994667,-42.6881162058,-385.622301768,-11261.6694968,3849.24339959,1019.67388904,996.845803014,-5592.14322297
1562625449.28,-0.0666174360102,-0.512201083197,0.314936466042,-18.0083473272,31.8615360512,-13.406327486,-1091.46007159,-8391.9025471,5159.91905963,-2359.09349986,4173.86122271,-1756.22890067
1562625449.39,-0.127802372097,-0.621796404565,0.316987741313,8.80546450478,38.3761458049,-37.0794351954,-2093.91406443,-10187.5122924,5193.52715367,1153.51585013,5027.27510044,-4857.4060106
1562625449.5,-0.106501627075,-0.596286685983,0.418150295307,32.7004905734,14.9255541252,-58.3852321339,-1744.92265799,-9769.56106315,6850.9744383,4283.76426511,1955.2475904,-7648.46540954
1562625449.61,-0.150392479992,-0.667981259573,0.441130187651,27.1380751038,21.6017010027,-27.5337318213,-2464.03039219,-10944.2049568,7227.47699447,3555.0878386,2829.82283136,-3606.91886859
1562625449.72,-0.0692887788678,-0.601061063303,0.462105059511,20.7196874408,25.1934392994,-3.10173268495,-1135.22735297,-9847.78446115,7571.12929502,2714.27905474,3300.34054822,-406.326981729
1562625449.83,-0.0102114634811,-0.591077027285,0.44558205356,8.56680266616,33.1672251405,22.2214176828,-167.304617674,-9684.20601504,7300.41636552,1122.25114927,4344.9064934,2911.00571644
1562625449.94,0.012098745367,-0.543590418307,0.436302168516,13.5696643843,49.6459224737,40.5496575939,198.225844094,-8906.18541353,7148.37472897,1777.62603434,6503.61584406,5312.0051448
1562625450.05,0.0537111364553,-0.532566337413,0.440792068852,10.6684231367,44.9149180126,39.0053788574,880.003259684,-8725.56687218,7221.93725607,1397.56343091,5883.85425965,5109.70463032
1562625450.16,0.10195330406,-0.533655406797,0.452865205717,9.70616097569,40.3257162877,34.7544592923,1670.40293372,-8743.41018496,7419.74353047,1271.50708782,5282.66883369,4552.83416729
1562625450.28,0.147373208029,-0.534684397367,0.465269114833,8.57294945828,36.2656637429,31.2606927524,2414.56264034,-8760.26916647,7622.96917742,1123.05637903,4750.80195032,4095.15075056
1562625450.39,0.187933738788,-0.535927871693,0.475773453349,7.57290642085,32.6871889717,28.1361501947,3079.10637631,-8780.64224982,7795.07225968,992.050741131,4282.02175529,3685.8356755
1562625450.5,0.223901107097,-0.537388795461,0.484494936139,6.65225700014,29.4039662577,25.3912374653,3668.39573868,-8804.57802484,7937.96503371,871.445667018,3851.91957976,3326.25210795
1562625450.61,0.255710215137,-0.538996595603,0.493931184713,5.83283282684,26.4650963495,22.9544037951,4189.55616481,-8830.92022235,8092.56853034,764.101100316,3466.92762178,3007.02689716
1562625450.72,0.284704623311,-0.54083424073,0.502106425617,5.08237397164,24.0124798443,20.6940779194,4664.60054833,-8861.02820012,8226.5116773,665.790990284,3145.6348596,2710.92420744
1562625450.83,0.309676543793,-0.542732261969,0.509244415868,4.4268083302,21.4257356767,18.6552044786,5073.7404935,-8892.12538011,8343.46050957,579.911891256,2806.77137364,2443.8317867
1562625450.94,0.332004787851,-0.54429399671,0.516108060218,3.8406160468,19.2434674525,16.7316687636,5439.56644415,-8917.7128421,8455.91445862,503.12070213,2520.89423628,2191.84860803
1562625451.05,0.351245715316,-0.546139011101,0.521723816696,3.30388268639,17.2382046767,14.9699522689,5754.80979973,-8947.94155789,8547.92301276,432.808631917,2258.20481265,1961.06374723
1562625451.16,0.368879932847,-0.548312219366,0.527583661589,2.68647151699,15.4464452778,13.2576898664,6043.72881976,-8983.5474021,8643.93071148,351.927768726,2023.48433139,1736.7573725
1562625451.28,0.384262447374,-0.54973099743,0.533834084493,2.16286253323,13.656762582,12.0181804218,6295.75593778,-9006.79266189,8746.33764033,283.334991853,1789.03589825,1574.38163525
1562625451.39,0.3985949917,-0.552057702374,0.538141105731,1.7931411654,12.1002466292,10.7843013109,6530.580344,-9044.9133957,8816.9038763,234.901492668,1585.13230842,1412.74347173
1562625451.5,0.41107924253,-0.553858768074,0.542212737345,1.4733690336,10.8451837983,9.75701621797,6735.1223096,-9074.42205613,8883.61348867,193.011343401,1420.71907758,1278.16912455
1562625451.61,0.421875615152,-0.555797110017,0.545144783923,1.19320770275,9.70952038033,8.84009322213,6912.01007864,-9106.17985052,8931.6521398,156.310209061,1271.94716982,1158.0522121
1562625451.72,0.431567936449,-0.557712516203,0.549004328969,0.926558688205,8.71719429649,7.97058771671,7070.80907078,-9137.56186546,8994.88692582,121.379188155,1141.95245284,1044.14699089
1562625451.83,0.440168955304,-0.559485209895,0.551843153884,0.694971521674,7.82486417982,7.14681138779,7211.7281637,-9166.60567892,9041.39823324,91.0412693393,1025.05720756,936.2322918
1562625451.94,0.447738973836,-0.56100739203,0.554251611933,0.486543071797,6.99352280001,6.37411498183,7335.75534733,-9191.54511103,9080.85840992,63.7371424054,916.151486801,835.00906262
1562625452.05,0.454674060828,-0.562694738765,0.556785435115,0.299720825686,6.23997204672,5.68021493403,7449.3798126,-9219.19059992,9122.37256892,39.2634281648,817.436338121,744.108156358
